; PediaIcons.txt for Napoleonic Europe
;   File that accompanies Civilopedia.txt.
;   specify the files that civilopedia icons are to be read from as follows
; for item "ENTRY" with key "TYPE_ENTRY"
;   the large icon would be FIRST under "ICON_TYPE_ENTRY"
;   the small icon is SECOND under "ICON_TYPE_ENTRY"
;
; buildings break from this form, 
;   a building -- wonder, small wonder, city improvement is displayed as follows:
;
; #ICON_BLDG_NAME
; TYPE
; file list...
;
; type indicates how many files are in the file list.  
; if only one icon exists for the building, TYPE should be SINGLE, and 2 files in list (large, small)
; if the building icon varies by era, TYPE should be ERA, and 1 file for each era per size in order should be in the list
; if the building icon varies by culture TYPE should be CULTURE, and file for each culture type per size in order should be in the list
; types must be written in CAPITAL LETTERS
; the order that the file names are written in must correspond to the order that they are in the .bic file:
; for ERA in the default mod that is: Ancient, MiddleAge, Industrial, Modern
; for CULTURE in the default mod that is: American, European, Roman/Mediterranean, 
;
; This may turn into the default art customization file... I'm adding the leader head art now...

#START LEADER/RACE ART
#RACE_ROMANS
art\leaderheads\netherlands_large.pcx
art\advisors\naples_all.pcx
#RACE_GERMANS
art\leaderheads\prussian_large.pcx
art\advisors\prussia_all.pcx
#RACE_RUSSIAN
art\leaderheads\russia_large.pcx
art\advisors\russia_all.pcx
#RACE_FRENCH
art\leaderheads\french_large.pcx
art\advisors\french_all.pcx
#RACE_ENGLISH
art\leaderheads\english_large.pcx
art\advisors\english_all.pcx
#RACE_SPANISH
art\leaderheads\spain_large.pcx
art\advisors\spain_all.pcx
#RACE_VIKINGS
art\leaderheads\swedish_large.pcx
art\advisors\swedish_all.pcx
#RACE_OTTOMANS
art\leaderheads\ottoman_large.pcx
art\advisors\ottoman_all.pcx
#RACE_CELTS
art\leaderheads\denmark_large.pcx
art\advisors\denmark_all.pcx
#RACE_AUSTRIA
art\leaderheads\austrian_large.pcx
art\advisors\austrian_all.pcx
#RACE_PORTUGAL
art\leaderheads\portuguese_large.pcx
art\advisors\portuguese_all.pcx
#RACE_NETHERLANDS
art\leaderheads\netherlands_large.pcx
art\advisors\netherlands_all.pcx


####
# Happy Icons  (conquer/domination/space winner)
#HAPPY_RACE_ROMANS
art\leaderheads\naples_large.pcx
#HAPPY_RACE_GERMANS
art\leaderheads\prussian_large.pcx
#HAPPY_RACE_RUSSIAN
art\leaderheads\russia_large.pcx
#HAPPY_RACE_FRENCH
art\leaderheads\french_large.pcx
#HAPPY_RACE_ENGLISH
art\leaderheads\english_large.pcx
#HAPPY_RACE_SPANISH
art\leaderheads\spain_large.pcx
#HAPPY_RACE_VIKINGS
art\leaderheads\swedish_large.pcx
#HAPPY_RACE_OTTOMANS
art\leaderheads\ottoman_large.pcx
#HAPPY_RACE_CELTS
art\leaderheads\denmark_large.pcx
#HAPPY_RACE_AUSTRIA
art\leaderheads\austrian_large.pcx
#HAPPY_RACE_PORTUGAL
art\leaderheads\portuguese_large.pcx
#HAPPY_RACE_NETHERLANDS
art\leaderheads\netherlands_large.pcx

####
# Small Happy Icons  (defeat)
#SHAPP_RACE_ROMANS
art\leaderheads\naples_small.pcx
#SHAPP_RACE_GERMANS
art\leaderheads\prussian_small.pcx
#SHAPP_RACE_RUSSIAN
art\leaderheads\russia_small.pcx
#SHAPP_RACE_FRENCH
art\leaderheads\french_small.pcx
#SHAPP_RACE_ENGLISH
art\leaderheads\english_small.pcx
#SHAPP_RACE_SPANISH
art\leaderheads\spain_small.pcx
#SHAPP_RACE_VIKINGS
art\leaderheads\swedish_small.pcx
#SHAPP_RACE_OTTOMANS
art\leaderheads\ottoman_small.pcx
#SHAPP_RACE_CELTS
art\leaderheads\denmark_small.pcx
#SHAPP_RACE_AUSTRIA
art\leaderheads\austrian_small.pcx
#SHAPP_RACE_PORTUGAL
art\leaderheads\portuguese_small.pcx
#SHAPP_RACE_NETHERLANDS
art\leaderheads\netherlands_small.pcx

####
# Large Kiss Icons  (Culture/diplomatic Winners)
#LKISS_RACE_ROMANS
art\leaderheads\naples_large.pcx
#LKISS_RACE_GERMANS
art\leaderheads\prussian_large.pcx
#LKISS_RACE_RUSSIAN
art\leaderheads\russia_large.pcx
#LKISS_RACE_FRENCH
art\leaderheads\french_large.pcx
#LKISS_RACE_ENGLISH
art\leaderheads\english_large.pcx
#LKISS_RACE_SPANISH
art\leaderheads\spain_large.pcx
#LKISS_RACE_VIKINGS
art\leaderheads\swedish_large.pcx
#LKISS_RACE_OTTOMANS
art\leaderheads\ottoman_large.pcx
#LKISS_RACE_CELTS
art\leaderheads\denmark_large.pcx
#LKISS_RACE_AUSTRIA
art\leaderheads\austrian_large.pcx
#LKISS_RACE_PORTUGAL
art\leaderheads\portuguese_large.pcx
#LKISS_RACE_NETHERLANDS
art\leaderheads\netherlands_large.pcx

####
# Small Kiss Icons (diplomatic losers)
#SKISS_RACE_ROMANS
art\leaderheads\naples_small.pcx
#SKISS_RACE_GERMANS
art\leaderheads\prussian_small.pcx
#SKISS_RACE_RUSSIAN
art\leaderheads\russia_small.pcx
#SKISS_RACE_FRENCH
art\leaderheads\french_small.pcx
#SKISS_RACE_ENGLISH
art\leaderheads\english_small.pcx
#SKISS_RACE_SPANISH
art\leaderheads\spain_small.pcx
#SKISS_RACE_VIKINGS
art\leaderheads\swedish_small.pcx
#SKISS_RACE_OTTOMANS
art\leaderheads\ottoman_small.pcx
#SKISS_RACE_CELTS
art\leaderheads\denmark_small.pcx
#SKISS_RACE_AUSTRIA
art\leaderheads\austrian_small.pcx
#SKISS_RACE_PORTUGAL
art\leaderheads\portuguese_small.pcx
#SKISS_RACE_NETHERLANDS
art\leaderheads\netherlands_small.pcx

####
# Small Angry Icons (domination/space losers)
#ANGRY_RACE_ROMANS
art\leaderheads\naples_small.pcx
#ANGRY_RACE_GERMANS
art\leaderheads\prussian_small.pcx
#ANGRY_RACE_RUSSIAN
art\leaderheads\russia_small.pcx
#ANGRY_RACE_FRENCH
art\leaderheads\french_small.pcx
#ANGRY_RACE_ENGLISH
art\leaderheads\english_small.pcx
#ANGRY_RACE_SPANISH
art\leaderheads\spain_small.pcx
#ANGRY_RACE_VIKINGS
art\leaderheads\swedish_small.pcx
#ANGRY_RACE_OTTOMANS
art\leaderheads\ottoman_small.pcx
#ANGRY_RACE_CELTS
art\leaderheads\denmark_small.pcx
#ANGRY_RACE_AUSTRIA
art\leaderheads\austrian_small.pcx
#ANGRY_RACE_PORTUGAL
art\leaderheads\portuguese_small.pcx
#ANGRY_RACE_NETHERLANDS
art\leaderheads\netherlands_small.pcx

####
# Small loving Icons (Cultural Victory Loser)
#ILOVE_RACE_ROMANS
art\leaderheads\naples_small.pcx
#ILOVE_RACE_GERMANS
art\leaderheads\prussian_small.pcx
#ILOVE_RACE_RUSSIAN
art\leaderheads\russia_small.pcx
#ILOVE_RACE_FRENCH
art\leaderheads\french_small.pcx
#ILOVE_RACE_ENGLISH
art\leaderheads\english_small.pcx
#ILOVE_RACE_SPANISH
art\leaderheads\spain_small.pcx
#ILOVE_RACE_VIKINGS
art\leaderheads\swedish_small.pcx
#ILOVE_RACE_OTTOMANS
art\leaderheads\ottoman_small.pcx
#ILOVE_RACE_CELTS
art\leaderheads\denmark_small.pcx
#ILOVE_RACE_AUSTRIA
art\leaderheads\austrian_small.pcx
#ILOVE_RACE_PORTUGAL
art\leaderheads\portuguese_small.pcx
#ILOVE_RACE_NETHERLANDS
art\leaderheads\netherlands_small.pcx

####
# Small loved Icons (Cultural Victory Winner)
#LOVED_RACE_ROMANS 
art\leaderheads\naples_small.pcx
#LOVED_RACE_GERMANS
art\leaderheads\prussian_small.pcx
#LOVED_RACE_RUSSIAN
art\leaderheads\russia_small.pcx
#LOVED_RACE_FRENCH
art\leaderheads\french_small.pcx
#LOVED_RACE_ENGLISH
art\leaderheads\english_small.pcx
#LOVED_RACE_SPANISH
art\leaderheads\spain_small.pcx
#LOVED_RACE_VIKINGS
art\leaderheads\swedish_small.pcx
#LOVED_RACE_OTTOMANS
art\leaderheads\ottoman_small.pcx
#LOVED_RACE_CELTS
art\leaderheads\denmark_small.pcx
#LOVED_RACE_AUSTRIA
art\leaderheads\austrian_small.pcx
#LOVED_RACE_PORTUGAL
art\leaderheads\portuguese_small.pcx
#LOVED_RACE_NETHERLANDS
art\leaderheads\netherlands_small.pcx

####
# Large Beaten-up Icons (defeat)
#LHURT_RACE_ROMANS
art\leaderheads\naples_large.pcx
#LHURT_RACE_GERMANS
art\leaderheads\prussian_large.pcx
#LHURT_RACE_RUSSIAN
art\leaderheads\russia_large.pcx
#LHURT_RACE_FRENCH
art\leaderheads\french_large.pcx
#LHURT_RACE_ENGLISH
art\leaderheads\english_large.pcx
#LHURT_RACE_SPANISH
art\leaderheads\spain_large.pcx
#LHURT_RACE_VIKINGS
art\leaderheads\swedish_large.pcx
#LHURT_RACE_OTTOMANS
art\leaderheads\ottoman_large.pcx
#LHURT_RACE_CELTS
art\leaderheads\denmark_large.pcx
#LHURT_RACE_AUSTRIA
art\leaderheads\austrian_large.pcx
#LHURT_RACE_PORTUGAL
art\leaderheads\portuguese_large.pcx
#LHURT_RACE_NETHERLANDS
art\leaderheads\netherlands_large.pcx

####
# Small Beaten-up Icons (conquered/eliminated)
#HURTN_RACE_ROMANS
art\leaderheads\naples_small.pcx
#HURTN_RACE_GERMANS
art\leaderheads\prussian_small.pcx
#HURTN_RACE_RUSSIAN
art\leaderheads\russia_small.pcx
#HURTN_RACE_FRENCH
art\leaderheads\french_small.pcx
#HURTN_RACE_ENGLISH
art\leaderheads\english_small.pcx
#HURTN_RACE_SPANISH
art\leaderheads\spain_small.pcx
#HURTN_RACE_VIKINGS
art\leaderheads\swedish_small.pcx
#HURTN_RACE_OTTOMANS
art\leaderheads\ottoman_small.pcx
#HURTN_RACE_CELTS
art\leaderheads\denmark_small.pcx
#HURTN_RACE_AUSTRIA
art\leaderheads\austrian_small.pcx
#HURTN_RACE_PORTUGAL
art\leaderheads\portuguese_small.pcx
#HURTN_RACE_NETHERLANDS
art\leaderheads\netherlands_small.pcx

#END LEADER/RACE ART

#########################################################################################
#START CIVILOPEDIA ART
#Non-Tech Govts
#ICON_GOVT_ANARCHY
art\civilopedia\icons\anarchy large.pcx
art\civilopedia\icons\anarchy small.pcx
#ICON_GOVT_DESPOTISM
art\civilopedia\icons\despotism large.pcx
art\civilopedia\icons\despotism small.pcx
#End non-tech Gov'ts

#Start Races
#ICON_RACE_ROMANS
art\civilopedia\icons\races\race naples_large.pcx
art\civilopedia\icons\races\race naples_small.pcx
#ICON_RACE_GERMANS
art\civilopedia\icons\races\race prussian_large.pcx
art\civilopedia\icons\races\race prussian_small.pcx
#ICON_RACE_RUSSIAN
art\civilopedia\icons\races\race russia_large.pcx
art\civilopedia\icons\races\race russia_small.pcx
#ICON_RACE_FRENCH
art\civilopedia\icons\races\race french_large.pcx
art\civilopedia\icons\races\race french_small.pcx
#ICON_RACE_ENGLISH
art\civilopedia\icons\races\race english_large.pcx
art\civilopedia\icons\races\race english_small.pcx
#ICON_RACE_SPANISH
art\civilopedia\icons\races\race spain_large.pcx
art\civilopedia\icons\races\race spain_small.pcx
#ICON_RACE_VIKINGS
art\civilopedia\icons\races\race swedish_large.pcx
art\civilopedia\icons\races\race swedish_small.pcx
#ICON_RACE_OTTOMANS
art\civilopedia\icons\races\race ottoman_large.pcx
art\civilopedia\icons\races\race ottoman_small.pcx
#ICON_RACE_CELTS
art\civilopedia\icons\races\race denmark_large.pcx
art\civilopedia\icons\races\race denmark_small.pcx
#ICON_RACE_AUSTRIA
art\civilopedia\icons\races\race austrian_large.pcx
art\civilopedia\icons\races\race austrian_small.pcx
#ICON_RACE_PORTUGAL
art\civilopedia\icons\races\race portuguese_large.pcx
art\civilopedia\icons\races\race portuguese_small.pcx
#ICON_RACE_NETHERLANDS
art\civilopedia\icons\races\race netherlands_large.pcx
art\civilopedia\icons\races\race netherlands_small.pcx


###########################
#Start Worker actions...
#ICON_TFRM_Mine
art\civilopedia\icons\terrain\minelarge.pcx
art\civilopedia\icons\terrain\minesmall.pcx
#ICON_TFRM_Fortress
art\civilopedia\icons\terrain\buildfortlarge.pcx
art\civilopedia\icons\terrain\buildfortsmall.pcx
#ICON_TFRM_Irrigation
art\civilopedia\icons\terrain\irrigationlarge.pcx
art\civilopedia\icons\terrain\irrigationsmall.pcx
#ICON_TFRM_Road
art\civilopedia\icons\terrain\roadslarge.pcx
art\civilopedia\icons\terrain\roadssmall.pcx
#ICON_TFRM_Railroad
art\civilopedia\icons\terrain\railroadslarge.pcx
art\civilopedia\icons\terrain\railroadssmall.pcx
#ICON_TFRM_Plant_Forest
art\civilopedia\icons\terrain\plantforestlarge.pcx
art\civilopedia\icons\terrain\plantforestsmall.pcx
#ICON_TFRM_Clear_Forest
art\civilopedia\icons\terrain\clearforestlarge.pcx
art\civilopedia\icons\terrain\clearforestsmall.pcx
#ICON_TFRM_Clear_Jungle
art\civilopedia\icons\terrain\clearjunglelarge.pcx
art\civilopedia\icons\terrain\clearjunglesmall.pcx
#ICON_TFRM_Clear_Pollution
art\civilopedia\icons\terrain\clearpollutionlarge.pcx
art\civilopedia\icons\terrain\clearpollutionsmall.pcx
#ICON_TFRM_Build_Colony
art\civilopedia\icons\terrain\buildcolonylarge.pcx
art\civilopedia\icons\terrain\buildcolonysmall.pcx
#ICON_TFRM_Airfield
art\civilopedia\icons\terrain\airfield_large.pcx
art\civilopedia\icons\terrain\airfield_small.pcx
#ICON_TFRM_Radar_Tower
art\civilopedia\icons\terrain\radar_large.pcx
art\civilopedia\icons\terrain\radar_small.pcx
#ICON_TFRM_Outpost
art\civilopedia\icons\terrain\detect tower_large.pcx
art\civilopedia\icons\terrain\detect tower_small.pcx
#ICON_TFRM_Clear_Wetlands
art\civilopedia\icons\terrain\ClearWetlandsLarge.pcx
art\civilopedia\icons\terrain\ClearWetlandsSmall.pcx
#ICON_TFRM_Clear_Damage
art\civilopedia\icons\terrain\ClearDamageLarge.pcx
art\civilopedia\icons\terrain\ClearDamageSmall.pcx
#ICON_TFRM_Barricades
art\civilopedia\icons\terrain\BuildBarricadesLarge.pcx
art\civilopedia\icons\terrain\BuildBarricadesSmall.pcx
#End Worker actions

#start terrain...
#ICON_TERR_Coast
art\civilopedia\icons\terrain\coastlinelarge.pcx
art\civilopedia\icons\terrain\coastlinesmall.pcx
#ICON_TERR_Desert
art\civilopedia\icons\terrain\desertlarge.pcx
art\civilopedia\icons\terrain\desertsmall.pcx
#ICON_TERR_Flood_Plain
art\civilopedia\icons\terrain\floodplainslarge.pcx
art\civilopedia\icons\terrain\floodplainssmall.pcx
#ICON_TERR_Forest
art\civilopedia\icons\terrain\forestlarge.pcx
art\civilopedia\icons\terrain\forestsmall.pcx
#ICON_TERR_Grassland
art\civilopedia\icons\terrain\grasslandlarge.pcx
art\civilopedia\icons\terrain\grasslandsmall.pcx
#ICON_TERR_Hills
art\civilopedia\icons\terrain\hillslarge.pcx
art\civilopedia\icons\terrain\hillssmall.pcx
#ICON_TERR_Jungle
art\civilopedia\icons\terrain\junglelarge.pcx
art\civilopedia\icons\terrain\junglesmall.pcx
#ICON_TERR_Mountains
art\civilopedia\icons\terrain\mountainslarge.pcx
art\civilopedia\icons\terrain\mountainssmall.pcx
#ICON_TERR_Ocean
art\civilopedia\icons\terrain\oceanlarge.pcx
art\civilopedia\icons\terrain\oceansmall.pcx
#ICON_TERR_Plains
art\civilopedia\icons\terrain\plainslarge.pcx
art\civilopedia\icons\terrain\plainssmall.pcx
#ICON_TERR_Sea
art\civilopedia\icons\terrain\sealarge.pcx
art\civilopedia\icons\terrain\seasmall.pcx
#ICON_TERR_Tundra
art\civilopedia\icons\terrain\tundralarge.pcx
art\civilopedia\icons\terrain\tundrasmall.pcx
#ICON_TERR_River
art\civilopedia\icons\terrain\riverslarge.pcx
art\civilopedia\icons\terrain\riverssmall.pcx
#ICON_TERR_Grassland_with_Shield
art\civilopedia\icons\terrain\grasslandwshieldlarge.pcx
art\civilopedia\icons\terrain\grasslandwshieldsmall.pcx
#ICON_TERR_Fresh_Water_Lake
art\civilopedia\icons\terrain\freshwaterLakeslarge.pcx
art\civilopedia\icons\terrain\freshwaterLakessmall.pcx
#ICON_TERR_Volcano
art\civilopedia\icons\terrain\Volcanolarge.pcx
art\civilopedia\icons\terrain\Volcanosmall.pcx
#ICON_TERR_Marsh
art\civilopedia\icons\terrain\Marshlarge.pcx
art\civilopedia\icons\terrain\Marshsmall.pcx
#End terrain

#start resources
#ICON_GOOD_Aluminum
art\civilopedia\icons\resources\aluminumlarge.pcx
art\civilopedia\icons\resources\aluminumsmall.pcx
#ICON_GOOD_Cattle
art\civilopedia\icons\resources\cattlelarge.pcx
art\civilopedia\icons\resources\cattlesmall.pcx
#ICON_GOOD_Coal
art\civilopedia\icons\resources\coallarge.pcx
art\civilopedia\icons\resources\coalsmall.pcx
#ICON_GOOD_Diamonds
art\civilopedia\icons\resources\diamondslarge.pcx
art\civilopedia\icons\resources\diamondssmall.pcx
#ICON_GOOD_Dye
art\civilopedia\icons\resources\dyelarge.pcx
art\civilopedia\icons\resources\dyesmall.pcx
#ICON_GOOD_Fish
art\civilopedia\icons\resources\fishlarge.pcx
art\civilopedia\icons\resources\fishsmall.pcx
#ICON_GOOD_Furs
art\civilopedia\icons\resources\furslarge.pcx
art\civilopedia\icons\resources\furssmall.pcx
#ICON_GOOD_Game
art\civilopedia\icons\resources\gamelarge.pcx
art\civilopedia\icons\resources\gamesmall.pcx
#ICON_GOOD_Gold
art\civilopedia\icons\resources\goldlarge.pcx
art\civilopedia\icons\resources\goldsmall.pcx
#ICON_GOOD_Horses
art\civilopedia\icons\resources\horselarge.pcx
art\civilopedia\icons\resources\horsesmall.pcx
#ICON_GOOD_Incense
art\civilopedia\icons\resources\incenselarge.pcx
art\civilopedia\icons\resources\incensesmall.pcx
#ICON_GOOD_Iron
art\civilopedia\icons\resources\ironlarge.pcx
art\civilopedia\icons\resources\ironsmall.pcx
#ICON_GOOD_Ivory
art\civilopedia\icons\resources\ivorylarge.pcx
art\civilopedia\icons\resources\ivorysmall.pcx
#ICON_GOOD_Oil
art\civilopedia\icons\resources\oillarge.pcx
art\civilopedia\icons\resources\oilsmall.pcx
#ICON_GOOD_Rubber
art\civilopedia\icons\resources\rubberlarge.pcx
art\civilopedia\icons\resources\rubbersmall.pcx
#ICON_GOOD_Saltpeter
art\civilopedia\icons\resources\saltpetrelarge.pcx
art\civilopedia\icons\resources\saltpetresmall.pcx
#ICON_GOOD_Silk
art\civilopedia\icons\resources\silklarge.pcx
art\civilopedia\icons\resources\silksmall.pcx
#ICON_GOOD_Spice
art\civilopedia\icons\resources\spicelarge.pcx
art\civilopedia\icons\resources\spicesmall.pcx
#ICON_GOOD_Uranium
art\civilopedia\icons\resources\uraniumlarge.pcx
art\civilopedia\icons\resources\uraniumsmall.pcx
#ICON_GOOD_Whales
art\civilopedia\icons\resources\whaleslarge.pcx
art\civilopedia\icons\resources\whalessmall.pcx
#ICON_GOOD_Wheat
art\civilopedia\icons\resources\wheatlarge.pcx
art\civilopedia\icons\resources\wheatsmall.pcx
#ICON_GOOD_Wine
art\civilopedia\icons\resources\winelarge.pcx
art\civilopedia\icons\resources\winesmall.pcx
#End Resources

#start units
#ICON_PRTO_Settler
art\civilopedia\icons\units\00settlerlarge.pcx
art\civilopedia\icons\units\00settlersmall.pcx
#ICON_PRTO_Worker
art\civilopedia\icons\units\01workerlarge.pcx
art\civilopedia\icons\units\01workersmall.pcx
#ICON_PRTO_Scout
art\civilopedia\icons\units\02scoutlarge.pcx
art\civilopedia\icons\units\02scoutsmall.pcx
#ICON_PRTO_Explorer
art\civilopedia\icons\units\03Explorerlarge.pcx
art\civilopedia\icons\units\03Explorersmall.pcx
#ICON_PRTO_Marine
art\civilopedia\icons\units\04marinelarge.pcx
art\civilopedia\icons\units\04marinesmall.pcx
#ICON_PRTO_Paratrooper
art\civilopedia\icons\units\05paratrooperlarge.pcx
art\civilopedia\icons\units\05paratroopersmall.pcx
#ICON_PRTO_Warrior
art\civilopedia\icons\units\06warriorlarge.pcx
art\civilopedia\icons\units\06warriorsmall.pcx
#ICON_PRTO_Archer
art\civilopedia\icons\units\07archerlarge.pcx
art\civilopedia\icons\units\07archersmall.pcx
#ICON_PRTO_Spearman
art\civilopedia\icons\units\08spearmanlarge.pcx
art\civilopedia\icons\units\08spearmansmall.pcx
#ICON_PRTO_Swordsman
art\civilopedia\icons\units\09swordsmanlarge.pcx
art\civilopedia\icons\units\09swordsmansmall.pcx
#ICON_PRTO_Chariot
art\civilopedia\icons\units\10chariotlarge.pcx
art\civilopedia\icons\units\10chariotsmall.pcx
#ICON_PRTO_Horseman
art\civilopedia\icons\units\11horsemanlarge.pcx
art\civilopedia\icons\units\11Horsemansmall.pcx
#ICON_PRTO_Pikeman
art\civilopedia\icons\units\12pikemanlarge.pcx
art\civilopedia\icons\units\12pikemansmall.pcx
#ICON_PRTO_Longbowman
art\civilopedia\icons\units\13longbowmanlarge.pcx
art\civilopedia\icons\units\13longbowmansmall.pcx
#ICON_PRTO_Musketman
art\civilopedia\icons\units\X2_Nap_Musket_lg.pcx
art\civilopedia\icons\units\X2_Nap_Musket_sm.pcx
#ICON_PRTO_Knight
art\civilopedia\icons\units\15knightlarge.pcx
art\civilopedia\icons\units\15knightsmall.pcx
#ICON_PRTO_Rifleman
art\civilopedia\icons\units\X2_NapoleonicInfantry_lg.pcx
art\civilopedia\icons\units\X2_NapoleonicInfantry_sm.pcx
#ICON_PRTO_Cavalry
art\civilopedia\icons\units\17cavalrylarge.pcx
art\civilopedia\icons\units\17cavalrysmall.pcx
#ICON_PRTO_Infantry
art\civilopedia\icons\units\18infantrylarge.pcx
art\civilopedia\icons\units\18infantrysmall.pcx
#ICON_PRTO_Tank
art\civilopedia\icons\units\19shermantanklarge.pcx
art\civilopedia\icons\units\19shermantanksmall.pcx
#ICON_PRTO_Mech_Infantry
art\civilopedia\icons\units\20mechanizedinfantrylarge.pcx
art\civilopedia\icons\units\20mechanizedinfantrysmall.pcx
#ICON_PRTO_Modern_Armor
art\civilopedia\icons\units\21modernarmorlarge.pcx
art\civilopedia\icons\units\21modernarmorsmall.pcx
#ICON_PRTO_Catapult
art\civilopedia\icons\units\22catapultlarge.pcx
art\civilopedia\icons\units\22catapultsmall.pcx
#ICON_PRTO_Cannon
art\civilopedia\icons\units\Generic_Nap_Artillery_LG.pcx
art\civilopedia\icons\units\Generic_Nap_Artillery_SM.pcx
#ICON_PRTO_Artillery
art\civilopedia\icons\units\24artillerylarge.pcx
art\civilopedia\icons\units\24artillerysmall.pcx
#ICON_PRTO_Radar_Artillery
art\civilopedia\icons\units\25radarartillerylarge.pcx
art\civilopedia\icons\units\25radarartillerysmall.pcx
#ICON_PRTO_Cruise_Missile
art\civilopedia\icons\units\26cruisemissilelarge.pcx
art\civilopedia\icons\units\26cruisemissilesmall.pcx
#ICON_PRTO_NUKE
art\civilopedia\icons\units\27icbmtacticallarge.pcx
art\civilopedia\icons\units\27icbmtacticalsmall.pcx
#ICON_PRTO_ICBM
art\civilopedia\icons\units\28icbmlarge.pcx
art\civilopedia\icons\units\28icbmsmall.pcx
#ICON_PRTO_Galley
art\civilopedia\icons\units\29galley(trireme)large.pcx
art\civilopedia\icons\units\29galley(trireme)small.pcx
#ICON_PRTO_Caravel
art\civilopedia\icons\units\30caravellarge.pcx
art\civilopedia\icons\units\30caravelsmall.pcx
#ICON_PRTO_Frigate
art\civilopedia\icons\units\31frigatelarge.pcx
art\civilopedia\icons\units\31frigatesmall.pcx
#ICON_PRTO_Galleon
art\civilopedia\icons\units\32galleonlarge.pcx
art\civilopedia\icons\units\32galleonsmall.pcx
#ICON_PRTO_Ironclad
art\civilopedia\icons\units\33ironcladlarge.pcx
art\civilopedia\icons\units\33ironcladsmall.pcx
#ICON_PRTO_Transport
art\civilopedia\icons\units\34transportlarge.pcx
art\civilopedia\icons\units\34transportsmall.pcx
#ICON_PRTO_Carrier
art\civilopedia\icons\units\35nimitzlarge.pcx
art\civilopedia\icons\units\35nimitzsmall.pcx
#ICON_PRTO_Submarine
art\civilopedia\icons\units\36submarinelarge.pcx
art\civilopedia\icons\units\36submarinesmall.pcx
#ICON_PRTO_Destroyer
art\civilopedia\icons\units\37destroyerlarge.pcx
art\civilopedia\icons\units\37destroyersmall.pcx
#ICON_PRTO_Battleship
art\civilopedia\icons\units\38iowabattleshiplarge.pcx
art\civilopedia\icons\units\38iowabattleshipsmall.pcx
#ICON_PRTO_AEGIS_Cruiser
art\civilopedia\icons\units\39aegiscruiserlarge.pcx
art\civilopedia\icons\units\39aegiscruisersmall.pcx
#ICON_PRTO_Nuclear_Submarine
art\civilopedia\icons\units\40nuclearsubmarinelarge.pcx
art\civilopedia\icons\units\40nuclearsubmarinesmall.pcx
#ICON_PRTO_Fighter
art\civilopedia\icons\units\41fighterlarge.pcx
art\civilopedia\icons\units\41fightersmall.pcx
#ICON_PRTO_Bomber
art\civilopedia\icons\units\42bomberlarge.pcx
art\civilopedia\icons\units\42bombersmall.pcx
#ICON_PRTO_Helicopter
art\civilopedia\icons\units\43transporthelicopterlarge.pcx
art\civilopedia\icons\units\43transporthelicoptersmall.pcx
#ICON_PRTO_Jet_Fighter
art\civilopedia\icons\units\44jetfighterlarge.pcx
art\civilopedia\icons\units\44jetfightersmall.pcx
#ICON_PRTO_Stealth_Fighter
art\civilopedia\icons\units\45stealthfighterlarge.pcx
art\civilopedia\icons\units\45stealthfightersmall.pcx
#ICON_PRTO_Stealth_Bomber
art\civilopedia\icons\units\46stealthbomberlarge.pcx
art\civilopedia\icons\units\46stealthbombersmall.pcx
#ICON_PRTO_Leader
art\civilopedia\icons\units\47leaderlarge.pcx
art\civilopedia\icons\units\47leadersmall.pcx
#ICON_PRTO_Army
art\civilopedia\icons\units\48armylarge.pcx
art\civilopedia\icons\units\48armysmall.pcx
#ICON_PRTO_Musketeer
art\civilopedia\icons\units\X2_NapoleonicInfantry_lg.pcx
art\civilopedia\icons\units\X2_NapoleonicInfantry_lg.pcx
#ICON_PRTO_Cossack
art\civilopedia\icons\units\61russiancossacklarge.pcx
art\civilopedia\icons\units\61russiancossacksmall.pcx
#ICON_PRTO_Man-O-War
art\civilopedia\icons\units\63englishmanowarlarge.pcx
art\civilopedia\icons\units\63englishmanowarsmall.pcx
#ICON_PRTO_Privateer
art\civilopedia\icons\units\65privateerlarge.pcx
art\civilopedia\icons\units\65privateersmall.pcx
#ICON_PRTO_Sipahi
art\civilopedia\icons\units\1812TurkishSipahi-large.pcx
art\civilopedia\icons\units\1812TurkishSipahi-small.pcx
#ICON_PRTO_Libyan_Mercenary
art\civilopedia\icons\units\x_Libyan Mercenary civpedia lg.pcx
art\civilopedia\icons\units\x_Libyan Mercenary civpedia sm.pcx
#ICON_PRTO_Medieval_Infantry
art\civilopedia\icons\units\x_Medieval Infantry civpedia lg.pcx
art\civilopedia\icons\units\x_Medieval Infantry civpedia sm.pcx
#ICON_PRTO_Hussar
art\civilopedia\icons\units\1812AustrianHussar-large.pcx
art\civilopedia\icons\units\1812AustrianHussar-small.pcx
#ICON_PRTO_Carrack
art\civilopedia\icons\units\x2_carrack civpedia lg.pcx
art\civilopedia\icons\units\x2_carrack civpedia sm.pcx
#ICON_PRTO_Swiss_Mercenary
art\civilopedia\icons\units\x2_SwissMerc civpedia lg.pcx
art\civilopedia\icons\units\x2_SwissMerc civpedia sm.pcx
#ICON_PRTO_Trebuchet
art\civilopedia\icons\units\x2_Trebuchet civpedia lg.pcx
art\civilopedia\icons\units\x2_Trebuchet civpedia sm.pcx
#ICON_PRTO_Soldado
art\civilopedia\icons\units\1812SpanishLineInfantry-large.pcx
art\civilopedia\icons\units\1812SpanishLineInfantry-small.pcx
#ICON_PRTO_Sekhan
art\civilopedia\icons\units\1812TurkishJanissary-large.pcx
art\civilopedia\icons\units\1812TurkishJanissary-small.pcx
#ICON_PRTO_Grenzer
art\civilopedia\icons\units\1812AustrianGrenzer-large.pcx
art\civilopedia\icons\units\1812AustrianGrenzer-small.pcx
#ICON_PRTO_Fusilier
art\civilopedia\icons\units\1812PrussianJager-large.pcx
art\civilopedia\icons\units\1812PrussianJager-small.pcx
#ICON_PRTO_Jaeger
art\civilopedia\icons\units\X2_NapoleonicInfantry_lg.pcx
art\civilopedia\icons\units\X2_NapoleonicInfantry_sm.pcx
#ICON_PRTO_Redcoat
art\civilopedia\icons\units\1790RoyalRedcoat-large2.pcx
art\civilopedia\icons\units\1790RoyalRedcoat-small.pcx
#ICON_PRTO_Voltigeur
art\civilopedia\icons\units\1812FrenchLineInfantry-large.pcx
art\civilopedia\icons\units\1812FrenchLineInfantry-small.pcx
#ICON_PRTO_Imperial_Guard
art\civilopedia\icons\units\1812FrenchGuard-large.pcx
art\civilopedia\icons\units\1812FrenchGuard-small.pcx
#ICON_PRTO_Lifeguard
art\civilopedia\icons\units\1812BritishFootGuard-large.pcx
art\civilopedia\icons\units\1812BritishFootGuard-small.pcx
#ICON_PRTO_Guard
art\civilopedia\icons\units\X2_Guard_Infantry-large.pcx
art\civilopedia\icons\units\X2_Guard_Infantry-small.pcx
#ICON_PRTO_Janissary
art\civilopedia\icons\units\1812TurkishJanissary-large.pcx
art\civilopedia\icons\units\1812TurkishJanissary-small.pcx
#ICON_PRTO_Grand_Battery
art\civilopedia\icons\units\x2_Grandbattery civpedia lg.pcx
art\civilopedia\icons\units\x2_Grandbattery civpedia sm.pcx
#ICON_PRTO_Ship_of_the_Line
art\civilopedia\icons\units\SOTLLarge.pcx
art\civilopedia\icons\units\SOTLSmall.pcx
#ICON_PRTO_Imperial_Cavalry
art\civilopedia\icons\units\1812FrenchCuirassier-large.pcx
art\civilopedia\icons\units\1812FrenchCuirassier-small.pcx
#ICON_PRTO_Household_Cavalry
art\civilopedia\icons\units\1812BritishRoyalGuard-large.pcx
art\civilopedia\icons\units\1812BritishRoyalGuard-small.pcx
#ICON_PRTO_Cuirassier
art\civilopedia\icons\units\1812PrussianCuirassier-large.pcx
art\civilopedia\icons\units\1812PrussianCuirassier-small.pcx


#ICON_PRTO_Miquelet
art\civilopedia\icons\units\1812SpanishGrenadier-large.pcx
art\civilopedia\icons\units\1812SpanishGrenadier-small.pcx
#ICON_PRTO_Marine
art\civilopedia\icons\units\X2_Guard_Infantry-large.pcx
art\civilopedia\icons\units\X2_Guard_Infantry-small.pcx
#ICON_PRTO_Cutter
art\civilopedia\icons\units\FastGalleon_lg.pcx
art\civilopedia\icons\units\FastGalleon_sm.pcx
#ICON_PRTO_Sloop
art\civilopedia\icons\units\Sloop_LG.pcx
art\civilopedia\icons\units\Sloog_SM.pcx
#ICON_PRTO_Line_Infantry
art\civilopedia\icons\units\X2_Guard_Infantry-large.pcx
art\civilopedia\icons\units\X2_Guard_Infantry-small.pcx
#ICON_PRTO_Nizam_I_Cedid
art\civilopedia\icons\units\1812TurkishNizam-large.pcx
art\civilopedia\icons\units\1812TurkishNizam-small.pcx
#ICON_PRTO_Corsair
art\civilopedia\icons\units\X2_Guard_Infantry-large.pcx
art\civilopedia\icons\units\X2_Guard_Infantry-small.pcx
#ICON_PRTO_Rocket_Artillery
art\civilopedia\icons\units\British_Rocket_Team_lg.pcx
art\civilopedia\icons\units\British_Rocket_Team_sm.pcx
#ICON_PRTO_Howitzer
art\civilopedia\icons\units\6incherhowitzer_LG.pcx
art\civilopedia\icons\units\6incherhowitzer_SM.pcx
#ICON_PRTO_Horse_Artillery
art\civilopedia\icons\units\Generic_Nap_Horse_Artillery_LG.pcx
art\civilopedia\icons\units\Generic_Nap_Horse_Artillery_SM.pcx
#ICON_PRTO_Raider
art\civilopedia\icons\units\frigate_lg.pcx
art\civilopedia\icons\units\frigate_sm.pcx
#ICON_PRTO_Gunboat
art\civilopedia\icons\units\Brigantine_LG.pcx
art\civilopedia\icons\units\Brigantine_SM.pcx
#ICON_PRTO_Light_Lancer
art\civilopedia\icons\units\17cavalrylarge.pcx
art\civilopedia\icons\units\17cavalrysmall.pcx
#ICON_PRTO_Akinci
art\civilopedia\icons\units\OttomanDeli_18th_C_Lg.pcx
art\civilopedia\icons\units\OttomanDeli_18th_C_Sm.pcx
#ICON_PRTO_Lancer
art\civilopedia\icons\units\1812NaplesChevauleger-large.pcx
art\civilopedia\icons\units\1812NaplesChevauleger-small.pcx
#ICON_PRTO_Uhlan
art\civilopedia\icons\units\1812FrenchUhlan-large.pcx
art\civilopedia\icons\units\1812FrenchUhlan-small.pcx
#ICON_PRTO_Landwehr
art\civilopedia\icons\units\1812PrussianHussar-large.pcx
art\civilopedia\icons\units\1812PrussianHussar-small.pcx
#ICON_PRTO_Carabinier
art\civilopedia\icons\units\1812FrenchCarabinier-large.pcx
art\civilopedia\icons\units\1812FrenchCarabinier-small.pcx
#ICON_PRTO_Horse_Grenadier
art\civilopedia\icons\units\1812PrussianDragoon-Large.pcx
art\civilopedia\icons\units\1812PrussianDragoon-Small.pcx
#ICON_PRTO_Shock_Cavalry
art\civilopedia\icons\units\Generic_Cuirassier_Large.pcx
art\civilopedia\icons\units\Generic_Cuirassier_Small.pcx
#ICON_PRTO_Dragoon
art\civilopedia\icons\units\Dragoon_Large.pcx
art\civilopedia\icons\units\Dragoon_Small.pcx
#ICON_PRTO_Royal_Dragoon
art\civilopedia\icons\units\1812BritishDragoon-large.pcx
art\civilopedia\icons\units\1812BritishDragoon-small.pcx
#ICON_PRTO_Hessian_Rifleman
art\civilopedia\icons\units\1812PrussianGuard-large.pcx
art\civilopedia\icons\units\1812PrussianGuard-small.pcx
#ICON_PRTO_Grenadier
art\civilopedia\icons\units\1812AustrianGrenadier-large.pcx
art\civilopedia\icons\units\1812AustrianGrenadier-small.pcx
#ICON_PRTO_Horse_Guards
art\civilopedia\icons\units\1812DanishLightDragoon-Large.pcx
art\civilopedia\icons\units\1812DanishLightDragoon-Small.pcx
#ICON_PRTO_Savolak
art\civilopedia\icons\units\1812SwedishGuard-large.pcx
art\civilopedia\icons\units\1812SwedishGuard-small.pcx
#ICON_PRTO_Varvade
art\civilopedia\icons\units\1812SwedishJager-Large.pcx
art\civilopedia\icons\units\1812SwedishJager-Small.pcx
#ICON_PRTO_Indelta
art\civilopedia\icons\units\1812SwedishLineInfantry-Large.pcx
art\civilopedia\icons\units\1812SwedishLineInfantry-Small.pcx
#ICON_PRTO_Royal_Marine
art\civilopedia\icons\units\1812BritishMarine-large.pcx
art\civilopedia\icons\units\1812BritishMarine-small.pcx
#ICON_PRTO_Camel_Corps
art\civilopedia\icons\units\Napoleonic_Camel_Large_ALT.pcx
art\civilopedia\icons\units\Napoleonic_Camel_Small_ALT.pcx

#Start buildings
#ICON_BLDG_Airport
ERA
27
art\civilopedia\icons\buildings\airportindlarge.pcx
art\civilopedia\icons\buildings\airportindlarge.pcx
art\civilopedia\icons\buildings\airportIndlarge.pcx
art\civilopedia\icons\buildings\airportmodlarge.pcx
art\civilopedia\icons\buildings\airportindsmall.pcx
art\civilopedia\icons\buildings\airportindsmall.pcx
art\civilopedia\icons\buildings\airportindsmall.pcx
art\civilopedia\icons\buildings\airportmodsmall.pcx
#ICON_BLDG_Art_of_War
SINGLE
37
art\civilopedia\icons\buildings\aowlarge.pcx
art\civilopedia\icons\buildings\aowsmall.pcx
#ICON_BLDG_Apollo_Project
SINGLE
60
art\civilopedia\icons\buildings\apollolarge.pcx
art\civilopedia\icons\buildings\apollosmall.pcx
#ICON_BLDG_Aqueduct
ERA
8
art\civilopedia\icons\buildings\aqueductlarge.pcx
art\civilopedia\icons\buildings\aqueductlarge.pcx
art\civilopedia\icons\buildings\aqueductlarge.pcx
art\civilopedia\icons\buildings\aqueductlarge.pcx
art\civilopedia\icons\buildings\aqueductsmall.pcx
art\civilopedia\icons\buildings\aqueductsmall.pcx
art\civilopedia\icons\buildings\aqueductsmall.pcx
art\civilopedia\icons\buildings\aqueductsmall.pcx
#ICON_BLDG_Bank
ERA
9
art\civilopedia\icons\buildings\bankrenlarge.pcx
art\civilopedia\icons\buildings\bankrenlarge.pcx
art\civilopedia\icons\buildings\bankindmodlarge.pcx
art\civilopedia\icons\buildings\bankindmodlarge.pcx
art\civilopedia\icons\buildings\bankrensmall.pcx
art\civilopedia\icons\buildings\bankrensmall.pcx
art\civilopedia\icons\buildings\bankindmodsmall.pcx
art\civilopedia\icons\buildings\bankindmodsmall.pcx
#ICON_BLDG_Barracks
ERA
1
art\civilopedia\icons\buildings\barracksanclarge.pcx
art\civilopedia\icons\buildings\barracksrenlarge.pcx
art\civilopedia\icons\buildings\barracksindmodlarge.pcx
art\civilopedia\icons\buildings\barracksindmodlarge.pcx
art\civilopedia\icons\buildings\barracksancsmall.pcx
art\civilopedia\icons\buildings\barracksrensmall.pcx
art\civilopedia\icons\buildings\barracksindmodsmall.pcx
art\civilopedia\icons\buildings\barracksindmodsmall.pcx
#ICON_BLDG_Battlefield_Medicine
SINGLE
63
art\civilopedia\icons\buildings\battlefieldmedicinelarge.pcx
art\civilopedia\icons\buildings\battlefieldmedicinesmall.pcx
#ICON_BLDG_Cathedral
CULTURE
10
art\civilopedia\icons\buildings\cathedraleurlarge.pcx
art\civilopedia\icons\buildings\cathedraleurlarge.pcx
art\civilopedia\icons\buildings\cathedraleurlarge.pcx
art\civilopedia\icons\buildings\cathedralmealarge.pcx
art\civilopedia\icons\buildings\cathedralfealarge.pcx
art\civilopedia\icons\buildings\cathedraleursmall.pcx
art\civilopedia\icons\buildings\cathedraleursmall.pcx
art\civilopedia\icons\buildings\cathedraleursmall.pcx
art\civilopedia\icons\buildings\cathedralmeasmall.pcx
art\civilopedia\icons\buildings\cathedralfeasmall.pcx
#ICON_BLDG_Circumnavigation
SINGLE
39
art\civilopedia\icons\buildings\circumnavigationlarge.pcx
art\civilopedia\icons\buildings\circumnavigationsmall.pcx
#ICON_BLDG_Coal_Plant
ERA
16
art\civilopedia\icons\buildings\coalplantlarge.pcx
art\civilopedia\icons\buildings\coalplantlarge.pcx
art\civilopedia\icons\buildings\coalplantlarge.pcx
art\civilopedia\icons\buildings\coalplantlarge.pcx
art\civilopedia\icons\buildings\coalplantsmall.pcx
art\civilopedia\icons\buildings\coalplantsmall.pcx
art\civilopedia\icons\buildings\coalplantsmall.pcx
art\civilopedia\icons\buildings\coalplantsmall.pcx
#ICON_BLDG_Coastal_Fortress
CULTURE
23
art\civilopedia\icons\buildings\coastalfortressamrlarge.pcx
art\civilopedia\icons\buildings\coastalfortresseurlarge.pcx
art\civilopedia\icons\buildings\coastalfortressromlarge.pcx
art\civilopedia\icons\buildings\coastalfortressmealarge.pcx
art\civilopedia\icons\buildings\coastalfortressfealarge.pcx
art\civilopedia\icons\buildings\coastalfortressamrsmall.pcx
art\civilopedia\icons\buildings\coastalfortresseursmall.pcx
art\civilopedia\icons\buildings\coastalfortressromsmall.pcx
art\civilopedia\icons\buildings\coastalfortressmeasmall.pcx
art\civilopedia\icons\buildings\coastalfortressfeasmall.pcx
#ICON_BLDG_Colosseum
ERA
12
art\civilopedia\icons\buildings\colosseumancrenlarge.pcx
art\civilopedia\icons\buildings\colosseumancrenlarge.pcx
art\civilopedia\icons\buildings\colosseumindmodlarge.pcx
art\civilopedia\icons\buildings\colosseumindmodlarge.pcx
art\civilopedia\icons\buildings\colosseumancrensmall.pcx
art\civilopedia\icons\buildings\colosseumancrensmall.pcx
art\civilopedia\icons\buildings\colosseumindmodsmall.pcx
art\civilopedia\icons\buildings\colosseumindmodsmall.pcx
#ICON_BLDG_Colossus
SINGLE
32
art\civilopedia\icons\buildings\colossuslarge.pcx
art\civilopedia\icons\buildings\colossussmall.pcx
#ICON_BLDG_Courthouse
ERA
6
art\civilopedia\icons\buildings\courthouselarge.pcx
art\civilopedia\icons\buildings\courthouselarge.pcx
art\civilopedia\icons\buildings\courthouselarge.pcx
art\civilopedia\icons\buildings\courthouselarge.pcx
art\civilopedia\icons\buildings\courthousesmall.pcx
art\civilopedia\icons\buildings\courthousesmall.pcx
art\civilopedia\icons\buildings\courthousesmall.pcx
art\civilopedia\icons\buildings\courthousesmall.pcx
#ICON_BLDG_Cure_for_Cancer
SINGLE
51
art\civilopedia\icons\buildings\cureforcancerlarge.pcx
art\civilopedia\icons\buildings\cureforcancersmall.pcx
#ICON_BLDG_Constitution
SINGLE
54
art\civilopedia\icons\buildings\epiclarge.pcx
art\civilopedia\icons\buildings\epicsmall.pcx
#ICON_BLDG_Factory
ERA
13
art\civilopedia\icons\buildings\factorylarge.pcx
art\civilopedia\icons\buildings\factorylarge.pcx
art\civilopedia\icons\buildings\factorylarge.pcx
art\civilopedia\icons\buildings\factorylarge.pcx
art\civilopedia\icons\buildings\factorysmall.pcx
art\civilopedia\icons\buildings\factorysmall.pcx
art\civilopedia\icons\buildings\factorysmall.pcx
art\civilopedia\icons\buildings\factorysmall.pcx
#ICON_BLDG_Forbidden_Palace
SINGLE
56
art\civilopedia\icons\buildings\forbiddenlarge.pcx
art\civilopedia\icons\buildings\forbiddensmall.pcx
#ICON_BLDG_Granary
ERA
2
art\civilopedia\icons\buildings\granaryancrenindlarge.pcx
art\civilopedia\icons\buildings\granaryancrenindlarge.pcx
art\civilopedia\icons\buildings\granaryancrenindlarge.pcx
art\civilopedia\icons\buildings\granarymodlarge.pcx
art\civilopedia\icons\buildings\granaryancrenindsmall.pcx
art\civilopedia\icons\buildings\granaryancrenindsmall.pcx
art\civilopedia\icons\buildings\granaryancrenindsmall.pcx
art\civilopedia\icons\buildings\granarymodsmall.pcx
#ICON_BLDG_Grand_Cathedral
SINGLE
43
art\civilopedia\icons\buildings\greatcathedrallarge.pcx
art\civilopedia\icons\buildings\greatcathedralsmall.pcx
#ICON_BLDG_Great_Ironworks
SINGLE
55
art\civilopedia\icons\buildings\greatironworkslarge.pcx
art\civilopedia\icons\buildings\greatironworkssmall.pcx
#ICON_BLDG_Great_Library
SINGLE
34
art\civilopedia\icons\buildings\greatlibrarylarge.pcx
art\civilopedia\icons\buildings\greatlibrarysmall.pcx
#ICON_BLDG_Great_Playhouse
SINGLE
41
art\civilopedia\icons\buildings\greatplayhouselarge.pcx
art\civilopedia\icons\buildings\greatplayhousesmall.pcx
#ICON_BLDG_Great_Wall
SINGLE
36
art\civilopedia\icons\buildings\greatwalllarge.pcx
art\civilopedia\icons\buildings\greatwallsmall.pcx
#ICON_BLDG_Great_University
ERA
44
art\civilopedia\icons\buildings\greatuniversityindlarge.pcx
art\civilopedia\icons\buildings\greatuniversityrenlarge.pcx
art\civilopedia\icons\buildings\greatuniversityindlarge.pcx
art\civilopedia\icons\buildings\greatuniversitymodlarge.pcx
art\civilopedia\icons\buildings\greatuniversityindsmall.pcx
art\civilopedia\icons\buildings\greatuniversityrensmall.pcx
art\civilopedia\icons\buildings\greatuniversityindsmall.pcx
art\civilopedia\icons\buildings\greatuniversitymodsmall.pcx
#ICON_BLDG_Hanging_Gardens
SINGLE
31
art\civilopedia\icons\buildings\hanginggardenslarge.pcx
art\civilopedia\icons\buildings\hanginggardenssmall.pcx
#ICON_BLDG_Harbor
ERA
25
art\civilopedia\icons\buildings\harbormodlarge.pcx
art\civilopedia\icons\buildings\harbormodlarge.pcx
art\civilopedia\icons\buildings\harbormodlarge.pcx
art\civilopedia\icons\buildings\harbormodlarge.pcx
art\civilopedia\icons\buildings\harbormodsmall.pcx
art\civilopedia\icons\buildings\harbormodsmall.pcx
art\civilopedia\icons\buildings\harbormodsmall.pcx
art\civilopedia\icons\buildings\harbormodsmall.pcx
#ICON_BLDG_Hoover_Dam
SINGLE
47
art\civilopedia\icons\buildings\hooverdamlarge.pcx
art\civilopedia\icons\buildings\hooverdamsmall.pcx
#ICON_BLDG_Hospital
ERA
19
art\civilopedia\icons\buildings\hospitalindlarge.pcx
art\civilopedia\icons\buildings\hospitalindlarge.pcx
art\civilopedia\icons\buildings\hospitalindlarge.pcx
art\civilopedia\icons\buildings\hospitalmodlarge.pcx
art\civilopedia\icons\buildings\hospitalindsmall.pcx
art\civilopedia\icons\buildings\hospitalindsmall.pcx
art\civilopedia\icons\buildings\hospitalindsmall.pcx
art\civilopedia\icons\buildings\hospitalmodsmall.pcx
#ICON_BLDG_Hydro_Plant
ERA
17
art\civilopedia\icons\buildings\hydroplantlarge.pcx
art\civilopedia\icons\buildings\hydroplantlarge.pcx
art\civilopedia\icons\buildings\hydroplantlarge.pcx
art\civilopedia\icons\buildings\hydroplantlarge.pcx
art\civilopedia\icons\buildings\hydroplantsmall.pcx
art\civilopedia\icons\buildings\hydroplantsmall.pcx
art\civilopedia\icons\buildings\hydroplantsmall.pcx
art\civilopedia\icons\buildings\hydroplantsmall.pcx
#ICON_BLDG_Intelligence_Center
SINGLE
62
art\civilopedia\icons\buildings\intelligencecenterlarge.pcx
art\civilopedia\icons\buildings\intelligencecentersmall.pcx
#ICON_BLDG_Inventor's_Workshop
SINGLE
42
art\civilopedia\icons\buildings\inventorworkshoplarge.pcx
art\civilopedia\icons\buildings\inventorworkshopsmall.pcx
#ICON_BLDG_Library
ERA
5
art\civilopedia\icons\buildings\librarylarge.pcx
art\civilopedia\icons\buildings\librarylarge.pcx
art\civilopedia\icons\buildings\librarylarge.pcx
art\civilopedia\icons\buildings\librarylarge.pcx
art\civilopedia\icons\buildings\librarysmall.pcx
art\civilopedia\icons\buildings\librarysmall.pcx
art\civilopedia\icons\buildings\librarysmall.pcx
art\civilopedia\icons\buildings\librarysmall.pcx
#ICON_BLDG_Lighthouse
SINGLE
33
art\civilopedia\icons\buildings\lighthouseatalexandrialarge.pcx
art\civilopedia\icons\buildings\lighthouseatalexandriasmall.pcx
#ICON_BLDG_Longevity
SINGLE
52
art\civilopedia\icons\buildings\longevitylarge.pcx
art\civilopedia\icons\buildings\longevitysmall.pcx
#ICON_BLDG_Manhattan_Project
SINGLE
50
art\civilopedia\icons\buildings\manhattanprojectlarge.pcx
art\civilopedia\icons\buildings\manhattanprojectsmall.pcx
#ICON_BLDG_Manufacturing_Plant
ERA
14
art\civilopedia\icons\buildings\manufacturingplantlarge.pcx
art\civilopedia\icons\buildings\manufacturingplantlarge.pcx
art\civilopedia\icons\buildings\manufacturingplantlarge.pcx
art\civilopedia\icons\buildings\manufacturingplantlarge.pcx
art\civilopedia\icons\buildings\manufacturingplantsmall.pcx
art\civilopedia\icons\buildings\manufacturingplantsmall.pcx
art\civilopedia\icons\buildings\manufacturingplantsmall.pcx
art\civilopedia\icons\buildings\manufacturingplantsmall.pcx
#ICON_BLDG_Marketplace
ERA
4
art\civilopedia\icons\buildings\marketplaceindmodlarge.pcx
art\civilopedia\icons\buildings\marketplaceindmodlarge.pcx
art\civilopedia\icons\buildings\marketplaceindmodlarge.pcx
art\civilopedia\icons\buildings\marketplaceindmodlarge.pcx
art\civilopedia\icons\buildings\marketplaceindmodsmall.pcx
art\civilopedia\icons\buildings\marketplaceindmodsmall.pcx
art\civilopedia\icons\buildings\marketplaceindmodsmall.pcx
art\civilopedia\icons\buildings\marketplaceindmodsmall.pcx
#ICON_BLDG_Mass_Transit_System
ERA
21
art\civilopedia\icons\buildings\masstransitlarge.pcx
art\civilopedia\icons\buildings\masstransitlarge.pcx
art\civilopedia\icons\buildings\masstransitlarge.pcx
art\civilopedia\icons\buildings\masstransitlarge.pcx
art\civilopedia\icons\buildings\masstransitsmall.pcx
art\civilopedia\icons\buildings\masstransitsmall.pcx
art\civilopedia\icons\buildings\masstransitsmall.pcx
art\civilopedia\icons\buildings\masstransitsmall.pcx
#ICON_BLDG_Military_Academy
SINGLE
57
art\civilopedia\icons\buildings\militaryacademylarge.pcx
art\civilopedia\icons\buildings\militaryacademysmall.pcx
#ICON_BLDG_Nuclear_Plant
ERA
18
art\civilopedia\icons\buildings\nukeplantlarge.pcx
art\civilopedia\icons\buildings\nukeplantlarge.pcx
art\civilopedia\icons\buildings\nukeplantlarge.pcx
art\civilopedia\icons\buildings\nukeplantlarge.pcx
art\civilopedia\icons\buildings\nukeplantsmall.pcx
art\civilopedia\icons\buildings\nukeplantsmall.pcx
art\civilopedia\icons\buildings\nukeplantsmall.pcx
art\civilopedia\icons\buildings\nukeplantsmall.pcx
#ICON_BLDG_Offshore_Platform
ERA
26
art\civilopedia\icons\buildings\offshoredrillingplatformlarge.pcx
art\civilopedia\icons\buildings\offshoredrillingplatformlarge.pcx
art\civilopedia\icons\buildings\offshoredrillingplatformlarge.pcx
art\civilopedia\icons\buildings\offshoredrillingplatformlarge.pcx
art\civilopedia\icons\buildings\offshoredrillingplatformsmall.pcx
art\civilopedia\icons\buildings\offshoredrillingplatformsmall.pcx
art\civilopedia\icons\buildings\offshoredrillingplatformsmall.pcx
art\civilopedia\icons\buildings\offshoredrillingplatformsmall.pcx
#ICON_BLDG_Oracle
SINGLE
35
art\civilopedia\icons\buildings\oraclelarge.pcx
art\civilopedia\icons\buildings\oraclesmall.pcx
#ICON_BLDG_Palace
CULTURE
0
art\civilopedia\icons\buildings\palaceamerlarge.pcx
art\civilopedia\icons\buildings\palaceeurlarge.pcx
art\civilopedia\icons\buildings\palaceromlarge.pcx
art\civilopedia\icons\buildings\palacemealarge.pcx
art\civilopedia\icons\buildings\palacefealarge.pcx
art\civilopedia\icons\buildings\palaceamersmall.pcx
art\civilopedia\icons\buildings\palaceeursmall.pcx
art\civilopedia\icons\buildings\palaceromsmall.pcx
art\civilopedia\icons\buildings\palacemeasmall.pcx
art\civilopedia\icons\buildings\palacefeasmall.pcx
#ICON_BLDG_Pentagon
SINGLE
58
art\civilopedia\icons\buildings\pentagonlarge.pcx
art\civilopedia\icons\buildings\pentagonsmall.pcx
#ICON_BLDG_Police_Station
ERA
28
art\civilopedia\icons\buildings\policestationindlarge.pcx
art\civilopedia\icons\buildings\policestationindlarge.pcx
art\civilopedia\icons\buildings\policestationindlarge.pcx
art\civilopedia\icons\buildings\policestationmodlarge.pcx
art\civilopedia\icons\buildings\policestationindsmall.pcx
art\civilopedia\icons\buildings\policestationindsmall.pcx
art\civilopedia\icons\buildings\policestationindsmall.pcx
art\civilopedia\icons\buildings\policestationmodsmall.pcx
#ICON_BLDG_Pyramids
SINGLE
30
art\civilopedia\icons\buildings\pyramidlarge.pcx
art\civilopedia\icons\buildings\pyramidsmall.pcx
#ICON_BLDG_Recycling_Center
ERA
15
art\civilopedia\icons\buildings\recyclingcenterlarge.pcx
art\civilopedia\icons\buildings\recyclingcenterlarge.pcx
art\civilopedia\icons\buildings\recyclingcenterlarge.pcx
art\civilopedia\icons\buildings\recyclingcenterlarge.pcx
art\civilopedia\icons\buildings\recyclingcentersmall.pcx
art\civilopedia\icons\buildings\recyclingcentersmall.pcx
art\civilopedia\icons\buildings\recyclingcentersmall.pcx
art\civilopedia\icons\buildings\recyclingcentersmall.pcx
#ICON_BLDG_Lab
ERA
20
art\civilopedia\icons\buildings\researchlablarge.pcx
art\civilopedia\icons\buildings\researchlablarge.pcx
art\civilopedia\icons\buildings\researchlablarge.pcx
art\civilopedia\icons\buildings\researchlablarge.pcx
art\civilopedia\icons\buildings\researchlabsmall.pcx
art\civilopedia\icons\buildings\researchlabsmall.pcx
art\civilopedia\icons\buildings\researchlabsmall.pcx
art\civilopedia\icons\buildings\researchlabsmall.pcx
#ICON_BLDG_SAM_Missile_Battery
ERA
22
art\civilopedia\icons\buildings\sambatterieslarge.pcx
art\civilopedia\icons\buildings\sambatterieslarge.pcx
art\civilopedia\icons\buildings\sambatterieslarge.pcx
art\civilopedia\icons\buildings\sambatterieslarge.pcx
art\civilopedia\icons\buildings\sambatteriessmall.pcx
art\civilopedia\icons\buildings\sambatteriessmall.pcx
art\civilopedia\icons\buildings\sambatteriessmall.pcx
art\civilopedia\icons\buildings\sambatteriessmall.pcx
#ICON_BLDG_SDI
SINGLE
61
art\civilopedia\icons\buildings\sdilarge.pcx
art\civilopedia\icons\buildings\sdismall.pcx
#ICON_BLDG_SETI_Program
SINGLE
53
art\civilopedia\icons\buildings\setilarge.pcx
art\civilopedia\icons\buildings\setismall.pcx
#ICON_BLDG_Sistine_Chapel
SINGLE
38
art\civilopedia\icons\buildings\sistinechapellarge.pcx
art\civilopedia\icons\buildings\sistinechapelsmall.pcx
#ICON_BLDG_Solar_Plant
ERA
24
art\civilopedia\icons\buildings\solarplantlarge.pcx
art\civilopedia\icons\buildings\solarplantlarge.pcx
art\civilopedia\icons\buildings\solarplantlarge.pcx
art\civilopedia\icons\buildings\solarplantlarge.pcx
art\civilopedia\icons\buildings\solarplantsmall.pcx
art\civilopedia\icons\buildings\solarplantsmall.pcx
art\civilopedia\icons\buildings\solarplantsmall.pcx
art\civilopedia\icons\buildings\solarplantsmall.pcx
#ICON_BLDG_Solar_System
SINGLE
40
art\civilopedia\icons\buildings\solarsystemlarge.pcx
art\civilopedia\icons\buildings\solarsystemsmall.pcx
#ICON_SS_Exterior_Casing
SINGLE
73
art\civilopedia\icons\buildings\sscasinglarge.pcx
art\civilopedia\icons\buildings\sscasingsmall.pcx
#ICON_BLDG_SS_Cockpit
SINGLE
67
art\civilopedia\icons\buildings\sscockpitlarge.pcx
art\civilopedia\icons\buildings\sscockpitsmall.pcx
#ICON_BLDG_SS_Landing_Docking_Bay
SINGLE
66
art\civilopedia\icons\buildings\ssdockingbaylarge.pcx
art\civilopedia\icons\buildings\ssdockingbaysmall.pcx
#ICON_BLDG_SS_Engine
SINGLE
65
art\civilopedia\icons\buildings\ssenginelarge.pcx
art\civilopedia\icons\buildings\ssenginesmall.pcx
#ICON_BLDG_SS_Fuel_Cells
SINGLE
68
art\civilopedia\icons\buildings\ssfuelcellslarge.pcx
art\civilopedia\icons\buildings\ssfuelcellssmall.pcx
#ICON_BLDG_SS_Life_Support_System
SINGLE
69
art\civilopedia\icons\buildings\sslifesupportlarge.pcx
art\civilopedia\icons\buildings\sslifesupportsmall.pcx
#ICON_SS_Planetary_Party_Lounge
SINGLE
72
art\civilopedia\icons\buildings\sspartyloungelarge.pcx
art\civilopedia\icons\buildings\sspartyloungesmall.pcx
#ICON_BLDG_SS_Stasis_Chamber
SINGLE
70
art\civilopedia\icons\buildings\ssstasislarge.pcx
art\civilopedia\icons\buildings\ssstasissmall.pcx
#ICON_BLDG_SS_Storage_Supply
SINGLE
71
art\civilopedia\icons\buildings\ssstoragelarge.pcx
art\civilopedia\icons\buildings\ssstoragesmall.pcx
#ICON_BLDG_SS_Thrusters
SINGLE
64
art\civilopedia\icons\buildings\ssthrusterlarge.pcx
art\civilopedia\icons\buildings\ssthrustersmall.pcx
#ICON_BLDG_Temple
CULTURE
3
art\civilopedia\icons\buildings\templeamerlarge.pcx
art\civilopedia\icons\buildings\templeeurlarge.pcx
art\civilopedia\icons\buildings\templeromlarge.pcx
art\civilopedia\icons\buildings\templemealarge.pcx
art\civilopedia\icons\buildings\templefealarge.pcx
art\civilopedia\icons\buildings\templeamersmall.pcx
art\civilopedia\icons\buildings\templeeursmall.pcx
art\civilopedia\icons\buildings\templeromsmall.pcx
art\civilopedia\icons\buildings\templemeasmall.pcx
art\civilopedia\icons\buildings\templefeasmall.pcx
#ICON_BLDG_Theory_of_Evolution
SINGLE
48
art\civilopedia\icons\buildings\theoryofevolutionlarge.pcx
art\civilopedia\icons\buildings\theoryofevolutionsmall.pcx
#ICON_BLDG_Trading_Company
SINGLE
45
art\civilopedia\icons\buildings\tradingcompanylarge.pcx
art\civilopedia\icons\buildings\tradingcompanysmall.pcx
#ICON_BLDG_United_Nations
SINGLE
49
art\civilopedia\icons\buildings\unlarge.pcx
art\civilopedia\icons\buildings\unsmall.pcx
#ICON_BLDG_Universal_Suffrage
SINGLE
46
art\civilopedia\icons\buildings\universalsuffragelarge.pcx
art\civilopedia\icons\buildings\universalsuffragesmall.pcx
#ICON_BLDG_University
ERA
11
art\civilopedia\icons\buildings\universityrenlarge.pcx
art\civilopedia\icons\buildings\universityrenlarge.pcx
art\civilopedia\icons\buildings\universityindlarge.pcx
art\civilopedia\icons\buildings\universitymodlarge.pcx
art\civilopedia\icons\buildings\universityrensmall.pcx
art\civilopedia\icons\buildings\universityrensmall.pcx
art\civilopedia\icons\buildings\universityindsmall.pcx
art\civilopedia\icons\buildings\universitymodsmall.pcx
#ICON_BLDG_Walls
CULTURE
7
art\civilopedia\icons\buildings\citywallsamerlarge.pcx
art\civilopedia\icons\buildings\citywallseurlarge.pcx
art\civilopedia\icons\buildings\citywallsromlarge.pcx
art\civilopedia\icons\buildings\citywallsmealarge.pcx
art\civilopedia\icons\buildings\citywallsfealarge.pcx
art\civilopedia\icons\buildings\citywallsamersmall.pcx
art\civilopedia\icons\buildings\citywallseursmall.pcx
art\civilopedia\icons\buildings\citywallsromsmall.pcx
art\civilopedia\icons\buildings\citywallsmeasmall.pcx
art\civilopedia\icons\buildings\citywallsfeasmall.pcx
#ICON_BLDG_Wall_Street
SINGLE
59
art\civilopedia\icons\buildings\wallstreetlarge.pcx
art\civilopedia\icons\buildings\wallstreetsmall.pcx
#ICON_BLDG_Wealth
SINGLE
29
art\civilopedia\icons\buildings\wealthlarge.pcx
art\civilopedia\icons\buildings\wealthsmall.pcx
#ICON_BLDG_Internet
SINGLE
74
art\civilopedia\icons\buildings\internet_large.pcx
art\civilopedia\icons\buildings\internet_small.pcx
#ICON_BLDG_Civil_Defense
SINGLE
75
art\civilopedia\icons\buildings\civil defense_large.pcx
art\civilopedia\icons\buildings\civil defense_small.pcx
#ICON_BLDG_Stock_Exchange
SINGLE
76
art\civilopedia\icons\buildings\stock ex_large.pcx
art\civilopedia\icons\buildings\stock ex_small.pcx
#ICON_BLDG_Commercial_Dock
SINGLE
77
art\civilopedia\icons\buildings\comm dock_large.pcx
art\civilopedia\icons\buildings\comm dock_small.pcx
#ICON_BLDG_Artemis
SINGLE
78
art\civilopedia\icons\buildings\artemislarge.pcx
art\civilopedia\icons\buildings\artemissmall.pcx
#ICON_BLDG_Zeus
SINGLE
79
art\civilopedia\icons\buildings\zeuslarge.pcx
art\civilopedia\icons\buildings\zeussmall.pcx
#ICON_BLDG_Mausoleum
SINGLE
80
art\civilopedia\icons\buildings\mausoleumlarge.pcx
art\civilopedia\icons\buildings\mausoleumsmall.pcx

#ICON_BLDG_Naval_Academy
SINGLE
57
art\civilopedia\icons\buildings\navalacademyLarge.pcx
art\civilopedia\icons\buildings\navalacademysmall.pcx

#HomelessIcons
#
art\civilopedia\icons\terrain\borderslarge.pcx
#
art\civilopedia\icons\terrain\borderssmall.pcx
#
art\civilopedia\icons\terrain\riverslarge.pcx
#
art\civilopedia\icons\terrain\riverssmall.pcx
#END CIVILOPEDIA ART

######################################################################
#WONDER_SPLASH_ART begin
#WON_SPLASH_BLDG_Pyramids
art\wonder splash\pyramid.pcx
#WON_SPLASH_BLDG_Hanging_Gardens
art\wonder splash\hanging gardens.pcx
#WON_SPLASH_BLDG_Colossus
art\wonder splash\Colossus.pcx
#WON_SPLASH_BLDG_Lighthouse
art\wonder splash\Lighthouse.pcx
#WON_SPLASH_BLDG_Great_Library
art\wonder splash\GrtLibrary.pcx
#WON_SPLASH_BLDG_Oracle
art\wonder splash\oracle.pcx
#WON_SPLASH_BLDG_Great_Wall
art\wonder splash\great wall.pcx
#WON_SPLASH_BLDG_Art_of_War
art\wonder splash\Art of War.pcx
#WON_SPLASH_BLDG_Sistine_Chapel
art\wonder splash\sistine chapel.pcx
#WON_SPLASH_BLDG_Circumnavigation
art\wonder splash\circumnavigation.pcx
#WON_SPLASH_BLDG_Solar_System
art\wonder splash\solar system explained.pcx
#WON_SPLASH_BLDG_Great_Playhouse
art\wonder splash\Great Playhouse.pcx
#WON_SPLASH_BLDG_Inventor's_Workshop
art\wonder splash\inventors workshop.pcx
#WON_SPLASH_BLDG_Grand_Cathedral
art\wonder splash\GrtCathedral.pcx
#WON_SPLASH_BLDG_Great_University
art\wonder splash\great university.pcx
#WON_SPLASH_BLDG_Trading_Company
art\wonder splash\Great Trading Co.pcx
#WON_SPLASH_BLDG_Universal_Suffrage
art\wonder splash\UnivSuffrage.pcx
#WON_SPLASH_BLDG_Hoover_Dam
art\wonder splash\dam.pcx
#WON_SPLASH_BLDG_Theory_of_Evolution
art\wonder splash\Theory of Evolution.pcx
#WON_SPLASH_BLDG_United_Nations
art\wonder splash\un.pcx
#WON_SPLASH_BLDG_Manhattan_Project
art\wonder splash\Manhattan Proj.pcx
#WON_SPLASH_BLDG_Cure_for_Cancer
art\wonder splash\Cure for Cancer.pcx
#WON_SPLASH_BLDG_Longevity
art\wonder splash\longevity.pcx
#WON_SPLASH_BLDG_SETI_Program
art\wonder splash\SETI.pcx
#WON_SPLASH_BLDG_Epic
art\wonder splash\Epic.pcx
#WON_SPLASH_BLDG_Great_Ironworks
art\wonder splash\Great Ironworks.pcx
#WON_SPLASH_BLDG_Forbidden_Palace
art\wonder splash\forbidden city.pcx
#WON_SPLASH_BLDG_Military_Academy
art\wonder splash\military academy.pcx
#WON_SPLASH_BLDG_Pentagon
art\wonder splash\pentagon.pcx
#WON_SPLASH_BLDG_Wall_Street
art\wonder splash\wall street.pcx
#WON_SPLASH_BLDG_Apollo_Project
art\wonder splash\Apollo.pcx
#WON_SPLASH_BLDG_SDI
art\wonder splash\SDI.pcx
#WON_SPLASH_BLDG_Intelligence_Center
art\wonder splash\intell.pcx
#WON_SPLASH_BLDG_Battlefield_Medicine
art\wonder splash\Battlefield Medicine.pcx
#WON_SPLASH_BLDG_Internet
art\wonder splash\internet.pcx
#WON_SPLASH_BLDG_Artemis
art\wonder splash\Artemis.pcx
#WON_SPLASH_BLDG_Zeus
art\wonder splash\Zeus.pcx
#WON_SPLASH_BLDG_Mausoleum
art\wonder splash\Mausoleum.pcx
#WON_SPLASH_BLDG_Naval_Academy
art\wonder splash\military academy.pcx
#WON_SPLASH_BLDG_Constitution
art\wonder splash\Epic.pcx

################################################################
#Era splash art begin
#ERA_SPLASH_ERAS_Ancient_Times
art\erasplash\ancient.pcx
art\erasplash\medival.pcx
#ERA_SPLASH_ERAS_Middle_Ages
art\erasplash\medival.pcx
art\erasplash\indust.pcx
#ERA_SPLASH_ERAS_Industrial_Age
art\erasplash\indust.pcx
art\erasplash\indust.pcx
#ERA_SPLASH_ERAS_Modern_Era
art\erasplash\indust.pcx
art\erasplash\indust.pcx

################################################################
# Small Tech Icons
############################################
############################################


#TECH_Advanced_Flight
Art\tech chooser\Icons\00-AdvancedFlight-small.pcx
#TECH_Alphabet
Art\tech chooser\Icons\01-alphabet-small.pcx
#TECH_Amphibious_Warfare
Art\tech chooser\Icons\02-AmphibiousWarfare-small.pcx
#TECH_Astronomy
Art\tech chooser\Icons\03-Astronomy-small.pcx
#TECH_Atomic_Theory
Art\tech chooser\Icons\04-AtomicTheory-small-vp.pcx
#TECH_Banking
Art\tech chooser\Icons\05-Banking-small.pcx
#TECH_Bronze_Working
Art\tech chooser\Icons\06-bronzeWorking-small.pcx
#TECH_Ceremonial_Burial
Art\tech chooser\Icons\07-CeremonialBurial-small.pcx
#TECH_Chemistry
Art\tech chooser\Icons\08-Chemistry-small.pcx
#TECH_Chivalry
Art\tech chooser\Icons\09-Chivalry2-small.pcx
#TECH_Code_of_Laws
Art\tech chooser\Icons\10-CodeOfLaws-small.pcx
#TECH_Combustion
Art\tech chooser\Icons\11-Combustion-small-vp.pcx
#TECH_Communism
Art\tech chooser\Icons\12-Communism-small-vp.pcx
#TECH_Computers
Art\tech chooser\Icons\13-Computers-small-vp.pcx
#TECH_Construction
Art\tech chooser\Icons\14-Construction-small.pcx
#TECH_Currency
Art\tech chooser\Icons\15-Currency-small.pcx
#TECH_Democracy
Art\tech chooser\Icons\16-democracy-small.pcx
#TECH_Ecology
Art\tech chooser\Icons\17-Ecology-small.pcx
#TECH_Economics
Art\tech chooser\Icons\18-Economics-small.pcx
#TECH_Education
Art\tech chooser\Icons\19-education-small.pcx
#TECH_Electricity
Art\tech chooser\Icons\20-Electricity-small-vp.pcx
#TECH_Electronics
Art\tech chooser\Icons\21-Electronics-small.pcx
#TECH_Engineering
Art\tech chooser\Icons\22-engineering-small.pcx
#TECH_Espionage
Art\tech chooser\Icons\23-espionage-small.pcx
#TECH_Feudalism
Art\tech chooser\Icons\Feudalism-small.pcx
#TECH_Fission
Art\tech chooser\Icons\25-FissionPower-small.pcx
#TECH_Flight
Art\tech chooser\Icons\26-Flight-small.pcx
#TECH_Free_Artistry
Art\tech chooser\Icons\27-freeArtistry-small.pcx
#TECH_Genetics
Art\tech chooser\Icons\29-Genetics-small-vp.pcx
#TECH_Gunpowder
Art\tech chooser\Icons\30-gunpowder-small.pcx
#TECH_Horseback_Riding
Art\tech chooser\Icons\31-HorsebackRiding-small.pcx
#TECH_Industrialization
Art\tech chooser\Icons\32-Industrialization-small.pcx
#TECH_Integrated_Defense
Art\tech chooser\Icons\33-integratedDefense-small.pcx
#TECH_Invention
Art\tech chooser\Icons\34-Invention-bolt-small.pcx
#TECH_Iron_Working
Art\tech chooser\Icons\35-Ironworking-small.pcx
#TECH_Literature
Art\tech chooser\Icons\36-literature-small.pcx
#TECH_Magnetism
Art\tech chooser\Icons\37-Magnetism-small.pcx
#TECH_Mass_Production
Art\tech chooser\Icons\38-Manufacturing-small.pcx
#TECH_Map_Making
Art\tech chooser\Icons\39-Mapmaking-small.pcx
#TECH_Masonry
Art\tech chooser\Icons\40-Masonry-small.pcx
#TECH_Mathematics
Art\tech chooser\Icons\41-mathematics-small.pcx
#TECH_Medicine
Art\tech chooser\Icons\42-Medicine-small.pcx
#TECH_Metallurgy
Art\tech chooser\Icons\43-metallurgy-small.pcx
#TECH_Military_Tradition
Art\tech chooser\Icons\44-militaryTradition-small.pcx
#TECH_Miniaturization
Art\tech chooser\Icons\45-Miniaturization-small.pcx
#TECH_Monarchy
Art\tech chooser\Icons\46-Monarchy-small.pcx
#TECH_Monotheism
Art\tech chooser\Icons\47-Monotheism-small.pcx
#TECH_Motorized_Transportation
Art\tech chooser\Icons\48-MotorizedTransport-small.pcx
#TECH_Music_Theory
Art\tech chooser\Icons\49-musicTheory-small.pcx
#TECH_Mysticism
Art\tech chooser\Icons\50-mysticism-small.pcx
#TECH_Nationalism
Art\tech chooser\Icons\51-Nationalism-small.pcx
#TECH_Navigation
Art\tech chooser\Icons\52-navigation-small.pcx
#TECH_Nuclear_Power
Art\tech chooser\Icons\53-NuclearPower-small.pcx
#TECH_Philosophy
Art\tech chooser\Icons\54-Philosophy-small.pcx
#TECH_Physics
Art\tech chooser\Icons\55-physics-small.pcx
#TECH_Polytheism
Art\tech chooser\Icons\56-Polytheism-small.pcx
#TECH_Pottery
Art\tech chooser\Icons\57-Pottery-small.pcx
#TECH_Printing_Press
Art\tech chooser\Icons\58-printing press-small.pcx
#TECH_Radio
Art\tech chooser\Icons\59-Radio-small.pcx
#TECH_Recycling
Art\tech chooser\Icons\60-Recycle-small.pcx
#TECH_Refining
Art\tech chooser\Icons\61-Refining-small.pcx
#TECH_Replaceable_Parts
Art\tech chooser\Icons\62-ReplaceableParts-small.pcx
#TECH_Robotics
Art\tech chooser\Icons\63-robotics-small.pcx
#TECH_Rocketry
Art\tech chooser\Icons\64-rocketry-small.pcx
#TECH_Sanitation
Art\tech chooser\Icons\65-sanitation-small.pcx
#TECH_Satellites
Art\tech chooser\Icons\66-Satellites-small.pcx
#TECH_Scientific_Method
Art\tech chooser\Icons\67-ScientificMethod-small.pcx
#TECH_Smart_Weapons
Art\tech chooser\Icons\68-SmartWeapons-small.pcx
#TECH_Space_Flight
Art\tech chooser\Icons\69-spaceflight-small.pcx
#TECH_Stealth
Art\tech chooser\Icons\70-Stealth-small.pcx
#TECH_Steam_Power
Art\tech chooser\Icons\71-SteamPower-small.pcx
#TECH_Steel
Art\tech chooser\Icons\72-Steel-small.pcx
#TECH_Superconductor
Art\tech chooser\Icons\73-Superconductor-small.pcx
#TECH_Synthetic_Fibers
Art\tech chooser\Icons\74-syntheticFibers-small.pcx
#TECH_The_Corporation
Art\tech chooser\Icons\75-Corporation-small.pcx
#TECH_The_Laser
Art\tech chooser\Icons\76-Laser-small.pcx
#TECH_The_Republic
Art\tech chooser\Icons\77-republic-small.pcx
#TECH_The_Wheel
Art\tech chooser\Icons\78-TheWheel-small.pcx
#TECH_Theology
Art\tech chooser\Icons\79-theology-small.pcx
#TECH_Theory_of_Gravity
Art\tech chooser\Icons\80-theoryGravity-small.pcx
#TECH_Warrior_Code
Art\tech chooser\Icons\81-Warrior Code-small.pcx
#TECH_Writing
Art\tech chooser\Icons\82-writing-small.pcx
#TECH_Advanced_Tactics
Art\tech chooser\Icons\MilitaryStrategy-small.pcx
#TECH_Artillery_Tactics
Art\tech chooser\Icons\ArtilleryTactics-small.pcx
#TECH_Military_Logistics
Art\tech chooser\Icons\MilitaryLogistics-small.pcx
#TECH_Diplomacy
Art\tech chooser\Icons\Diplomacy-small.pcx
#TECH_Code_Civil
Art\tech chooser\Icons\CodeCivil-small.pcx
#TECH_General_Education
Art\tech chooser\Icons\GeneralEducation-small.pcx
#TECH_Seapower
Art\tech chooser\Icons\NavalTactics-small.pcx
#TECH_Naval_Tactics
Art\tech chooser\Icons\NavalTactics-small.pcx


# Large Tech Icons
#TECH_Advanced_Flight_LARGE
Art\tech chooser\Icons\00-AdvancedFlight-large.pcx
#TECH_Alphabet_LARGE
Art\tech chooser\Icons\01-alphabet-large.pcx
#TECH_Amphibious_Warfare_LARGE
Art\tech chooser\Icons\02-AmphibiousWarfare-large.pcx
#TECH_Astronomy_LARGE
Art\tech chooser\Icons\03-Astronomy-large.pcx
#TECH_Atomic_Theory_LARGE
Art\tech chooser\Icons\04-AtomicTheory-large-vp.pcx
#TECH_Banking_LARGE
Art\tech chooser\Icons\05-Banking-large.pcx
#TECH_Bronze_Working_LARGE
Art\tech chooser\Icons\06-bronzeWorking-large.pcx
#TECH_Ceremonial_Burial_LARGE
Art\tech chooser\Icons\07-CeremonialBurial-large.pcx
#TECH_Chemistry_LARGE
Art\tech chooser\Icons\08-Chemistry-large.pcx
#TECH_Chivalry_LARGE
Art\tech chooser\Icons\09-Chivalry2-large.pcx
#TECH_Code_of_Laws_LARGE
Art\tech chooser\Icons\10-CodeOfLaws-large.pcx
#TECH_Combustion_LARGE
Art\tech chooser\Icons\11-Combustion-large-vp.pcx
#TECH_Communism_LARGE
Art\tech chooser\Icons\12-Communism-large-vp.pcx
#TECH_Computers_LARGE
Art\tech chooser\Icons\13-Computers-large-vp.pcx
#TECH_Construction_LARGE
Art\tech chooser\Icons\14-Construction-large.pcx
#TECH_Currency_LARGE
Art\tech chooser\Icons\15-Currency-large.pcx
#TECH_Democracy_LARGE
Art\tech chooser\Icons\16-democracy-large.pcx
#TECH_Ecology_LARGE
Art\tech chooser\Icons\17-Ecology-large.pcx
#TECH_Economics_LARGE
Art\tech chooser\Icons\18-Economics-large.pcx
#TECH_Education_LARGE
Art\tech chooser\Icons\19-education-large.pcx
#TECH_Electricity_LARGE
Art\tech chooser\Icons\20-Electricity-large-vp.pcx
#TECH_Electronics_LARGE
Art\tech chooser\Icons\21-Electronics-large.pcx
#TECH_Engineering_LARGE
Art\tech chooser\Icons\22-engineering-large.pcx
#TECH_Espionage_LARGE
Art\tech chooser\Icons\23-espionage-large.pcx
#TECH_Feudalism_LARGE
Art\tech chooser\Icons\Feudalism-large.pcx
#TECH_Fission_LARGE
Art\tech chooser\Icons\25-FissionPower-large.pcx
#TECH_Flight_LARGE
Art\tech chooser\Icons\26-Flight-large.pcx
#TECH_Free_Artistry_LARGE
Art\tech chooser\Icons\27-freeArtistry-large.pcx
#TECH_Genetics_LARGE
Art\tech chooser\Icons\29-Genetics-large-vp.pcx
#TECH_Gunpowder_LARGE
Art\tech chooser\Icons\30-gunpowder-large.pcx
#TECH_Horseback_Riding_LARGE
Art\tech chooser\Icons\31-HorsebackRiding-large.pcx
#TECH_Industrialization_LARGE
Art\tech chooser\Icons\32-Industrialization-large.pcx
#TECH_Integrated_Defense_LARGE
Art\tech chooser\Icons\33-integratedDefense-large.pcx
#TECH_Invention_LARGE
Art\tech chooser\Icons\34-Invention-bolt-large.pcx
#TECH_Iron_Working_LARGE
Art\tech chooser\Icons\35-Ironworking-large.pcx
#TECH_Literature_LARGE
Art\tech chooser\Icons\36-literature-large.pcx
#TECH_Magnetism_LARGE
Art\tech chooser\Icons\37-Magnetism-large.pcx
#TECH_Mass_Production_LARGE
Art\tech chooser\Icons\38-Manufacturing-large.pcx
#TECH_Map_Making_LARGE
Art\tech chooser\Icons\39-Mapmaking-large.pcx
#TECH_Masonry_LARGE
Art\tech chooser\Icons\40-Masonry-large.pcx
#TECH_Mathematics_LARGE
Art\tech chooser\Icons\41-mathematics-large.pcx
#TECH_Medicine_LARGE
Art\tech chooser\Icons\42-Medicine-large.pcx
#TECH_Metallurgy_LARGE
Art\tech chooser\Icons\43-metallurgy-large.pcx
#TECH_Military_Tradition_LARGE
Art\tech chooser\Icons\44-militaryTradition-large.pcx
#TECH_Miniaturization_LARGE
Art\tech chooser\Icons\45-Miniaturization-large.pcx
#TECH_Monarchy_LARGE
Art\tech chooser\Icons\46-Monarchy-large.pcx
#TECH_Monotheism_LARGE
Art\tech chooser\Icons\47-Monotheism-large.pcx
#TECH_Motorized_Transportation_LARGE
Art\tech chooser\Icons\48-MotorizedTransport-large.pcx
#TECH_Music_Theory_LARGE
Art\tech chooser\Icons\49-musicTheory-large.pcx
#TECH_Mysticism_LARGE
Art\tech chooser\Icons\50-mysticism-large.pcx
#TECH_Nationalism_LARGE
Art\tech chooser\Icons\51-Nationalism-large.pcx
#TECH_Navigation_LARGE
Art\tech chooser\Icons\52-navigation-large.pcx
#TECH_Nuclear_Power_LARGE
Art\tech chooser\Icons\53-NuclearPower-large.pcx
#TECH_Philosophy_LARGE
Art\tech chooser\Icons\54-Philosophy-large.pcx
#TECH_Physics_LARGE
Art\tech chooser\Icons\55-physics-large.pcx
#TECH_Polytheism_LARGE
Art\tech chooser\Icons\56-Polytheism-large.pcx
#TECH_Pottery_LARGE
Art\tech chooser\Icons\57-Pottery-large.pcx
#TECH_Printing_Press_LARGE
Art\tech chooser\Icons\58-printing press-large.pcx
#TECH_Radio_LARGE
Art\tech chooser\Icons\59-Radio-large.pcx
#TECH_Recycling_LARGE
Art\tech chooser\Icons\60-Recycle-large.pcx
#TECH_Refining_LARGE
Art\tech chooser\Icons\61-Refining-large.pcx
#TECH_Replaceable_Parts_LARGE
Art\tech chooser\Icons\62-ReplaceableParts-large.pcx
#TECH_Robotics_LARGE
Art\tech chooser\Icons\63-robotics-large.pcx
#TECH_Rocketry_LARGE
Art\tech chooser\Icons\64-rocketry-large.pcx
#TECH_Sanitation_LARGE
Art\tech chooser\Icons\65-sanitation-large.pcx
#TECH_Satellites_LARGE
Art\tech chooser\Icons\66-Satellites-large.pcx
#TECH_Scientific_Method_LARGE
Art\tech chooser\Icons\67-ScientificMethod-large.pcx
#TECH_Smart_Weapons_LARGE
Art\tech chooser\Icons\68-SmartWeapons-large.pcx
#TECH_Space_Flight_LARGE
Art\tech chooser\Icons\69-spaceflight-large.pcx
#TECH_Stealth_LARGE
Art\tech chooser\Icons\70-Stealth-large.pcx
#TECH_Steam_Power_LARGE
Art\tech chooser\Icons\71-SteamPower-large.pcx
#TECH_Steel_LARGE
Art\tech chooser\Icons\72-Steel-large.pcx
#TECH_Superconductor_LARGE
Art\tech chooser\Icons\73-Superconductor-large.pcx
#TECH_Synthetic_Fibers_LARGE
Art\tech chooser\Icons\74-syntheticFibers-large.pcx
#TECH_The_Corporation_LARGE
Art\tech chooser\Icons\75-Corporation-large.pcx
#TECH_The_Laser_LARGE
Art\tech chooser\Icons\76-Laser-large.pcx
#TECH_The_Republic_LARGE
Art\tech chooser\Icons\77-republic-large.pcx
#TECH_The_Wheel_LARGE
Art\tech chooser\Icons\78-TheWheel-large.pcx
#TECH_Theology_LARGE
Art\tech chooser\Icons\79-theology-large.pcx
#TECH_Theory_of_Gravity_LARGE
Art\tech chooser\Icons\80-theoryGravity-large.pcx
#TECH_Warrior_Code_LARGE
Art\tech chooser\Icons\81-Warrior Code-large.pcx
#TECH_Writing_LARGE
Art\tech chooser\Icons\82-writing-large.pcx
#TECH_Advanced_Tactics_LARGE
Art\tech chooser\Icons\MilitaryStrategy-large.pcx
#TECH_Artillery_Tactics_LARGE
Art\tech chooser\Icons\ArtilleryTactics-large.pcx
#TECH_Military_Logistics_LARGE
Art\tech chooser\Icons\MilitaryLogistics-large.pcx
#TECH_Diplomacy_LARGE
Art\tech chooser\Icons\Diplomacy-large.pcx
#TECH_Code_Civil_LARGE
Art\tech chooser\Icons\CodeCivil-large.pcx
#TECH_General_Education_LARGE
Art\tech chooser\Icons\GeneralEducation-large.pcx
#TECH_Seapower_LARGE
Art\tech chooser\Icons\NavalTactics-large.pcx
#TECH_Naval_Tactics_LARGE
Art\tech chooser\Icons\NavalTactics-large.pcx

################################################################
# Unit animations
#ANIMNAME_PRTO_Settler
Settler
#ANIMNAME_PRTO_Settler_ERAS_Industrial_Age
Settler Modern Times
#ANIMNAME_PRTO_Settler_ERAS_Modern_Era
Settler Modern Times
#ANIMNAME_PRTO_Worker
Worker
#ANIMNAME_PRTO_Worker_ERAS_Industrial_Age
Worker Modern Times
#ANIMNAME_PRTO_Worker_ERAS_Modern_Era
Worker Modern Times
#ANIMNAME_PRTO_Worker_SLAVE
Enslaved Worker
#ANIMNAME_PRTO_Scout
Scout
#ANIMNAME_PRTO_Warrior
Warrior
#ANIMNAME_PRTO_Archer
Archer
#ANIMNAME_PRTO_Spearman
Spearman
#ANIMNAME_PRTO_Swordsman
Swordsman
#ANIMNAME_PRTO_Chariot
chariot
#ANIMNAME_PRTO_Horseman
Horseman
#ANIMNAME_PRTO_Pikeman
Pikeman
#ANIMNAME_PRTO_Longbowman
Longbowman
#ANIMNAME_PRTO_Musketman
Musketman
#ANIMNAME_PRTO_Knight
Knight
#ANIMNAME_PRTO_Rifleman
Rifleman
#ANIMNAME_PRTO_Cavalry
Cavalry
#ANIMNAME_PRTO_Catapult
Catapult
#ANIMNAME_PRTO_Cannon
Generic Nap Foot Artillery
#ANIMNAME_PRTO_Galley
Galley
#ANIMNAME_PRTO_Caravel
Caravel
#ANIMNAME_PRTO_Frigate
Frigate
#ANIMNAME_PRTO_Galleon
Galleon
#ANIMNAME_PRTO_Leader_ERAS_Ancient_Times
Leader Ancient Times
#ANIMNAME_PRTO_Leader_ERAS_Middle_Ages
Leader Industrial Ages
#ANIMNAME_PRTO_Leader_ERAS_Industrial_Age
Leader Industrial Ages
#ANIMNAME_PRTO_Leader_ERAS_Modern_Era
Leader Industrial Ages
#ANIMNAME_PRTO_Leader_SCI
SciLeader
#ANIMNAME_PRTO_Army_ERAS_Ancient_Times
Army Ancient Times
#ANIMNAME_PRTO_Army_ERAS_Middle_Ages
Army Industrial Ages
#ANIMNAME_PRTO_Army_ERAS_Industrial_Age
Army Industrial Ages
#ANIMNAME_PRTO_Army_ERAS_Modern_Era
Army Industrial Ages
#ANIMNAME_PRTO_Musketeer
Musketeer
#ANIMNAME_PRTO_Man-O-War
Man-O-War
#ANIMNAME_PRTO_Privateer
Privateer
#ANIMNAME_PRTO_Sipahi
1812 Turkish Sipahi
#ANIMNAME_PRTO_Medieval_Infantry
Medieval Infantry
#ANIMNAME_PRTO_Hussar
1812 Austrian Hussar
#ANIMNAME_PRTO_Carrack
Carrack
#ANIMNAME_PRTO_Swiss_Mercenary
Swiss Mercenary
#ANIMNAME_PRTO_Trebuchet
Trebuchet
#ANIMNAME_PRTO_Voltigeur
1812 French Line Infantry
#ANIMNAME_PRTO_Redcoat
1790 Royal Redcoat
#ANIMNAME_PRTO_Jaeger
Nap_Infantry
#ANIMNAME_PRTO_Fusilier
1812 Prussian Jager
#ANIMNAME_PRTO_Grenzer
1812 Austrian Grenzer
#ANIMNAME_PRTO_Sekhan
1812 Turkish Janissary
#ANIMNAME_PRTO_Soldado
1812 Spanish Line Infantry
#ANIMNAME_PRTO_Imperial_Cavalry
1812 French Cuirassier
#ANIMNAME_PRTO_Household_Cavalry
1812 British Horse Guard
#ANIMNAME_PRTO_Cuirassier
1812 Prussian Cuirassier
#ANIMNAME_PRTO_Grand_Battery
Grand_Battery
#ANIMNAME_PRTO_Imperial_Guard
1812 French Guard
#ANIMNAME_PRTO_Lifeguard
1812 British Foot Guard
#ANIMNAME_PRTO_Guard
Guard_Infantry
#ANIMNAME_PRTO_Janissary
1812 Turkish Janissary
#ANIMNAME_PRTO_Cossack
Cossack
#ANIMNAME_PRTO_Ship_of_the_Line
Ship_of_the_Line

#ANIMNAME_PRTO_Miquelet
1812 Spanish Grenadier
#ANIMNAME_PRTO_Marine
Guard_Infantry
#ANIMNAME_PRTO_Nizam_I_Cedid
1812 Turkish Nizam
#ANIMNAME_PRTO_Grenadier
1812 Austrian Grenadier
#ANIMNAME_PRTO_Cutter
Fast Galleon
#ANIMNAME_PRTO_Sloop
Sloop
#ANIMNAME_PRTO_Line_Infantry
Guard_Infantry
#ANIMNAME_PRTO_Rocket_Artillery
British Rocket Team
#ANIMNAME_PRTO_Howitzer
6inch Howitzer
#ANIMNAME_PRTO_Horse_Artillery
Generic Nap Horse Artillery
#ANIMNAME_PRTO_Raider
Raider_Frigate
#ANIMNAME_PRTO_Gunboat
Brigantine
#ANIMNAME_PRTO_Light_Lancer
Cavalry
#ANIMNAME_PRTO_Lancer
1812 Neapolitan Chevauleger
#ANIMNAME_PRTO_Horse_Guards
1812 Danish Light Dragoon
#ANIMNAME_PRTO_Uhlan
1812 French Uhlan
#ANIMNAME_PRTO_Akinci
Ottoman Deli 18th C
#ANIMNAME_PRTO_Landwehr
1812 Prussian Hussar
#ANIMNAME_PRTO_Carabinier
1812 French Carabinier
#ANIMNAME_PRTO_Dragoon
Generic 1812 Dragoon
#ANIMNAME_PRTO_Royal_Dragoon
1812 British Dragoon
#ANIMNAME_PRTO_Horse_Grenadier
1812 Prussian Dragoon
#ANIMNAME_PRTO_Shock_Cavalry
1812 Generic Cuirassier
#ANIMNAME_PRTO_Hessian_Rifleman
1812 Prussian Guard
#ANIMNAME_PRTO_Corsair
Guard_Infantry
#ANIMNAME_PRTO_Savolak
1812 Swedish Guard
#ANIMNAME_PRTO_Varvade
1812 Swedish Jager
#ANIMNAME_PRTO_Indelta
1812 Swedish Line Infantry
#ANIMNAME_PRTO_Royal_Marine
1812 British Marine
#ANIMNAME_PRTO_Camel_Corps
Napoleonic Camel

################################################################
# Era-Specific Unit icons
#UNITICON_PRTO_Settler_ERAS_Industrial_Age
72
#UNITICON_PRTO_Settler_ERAS_Modern_Era
72
#UNITICON_PRTO_Worker_ERAS_Industrial_Age
73
#UNITICON_PRTO_Worker_ERAS_Modern_Era
73
#UNITICON_PRTO_Leader_ERAS_Middle_Ages
66
#UNITICON_PRTO_Leader_ERAS_Industrial_Age
67
#UNITICON_PRTO_Leader_ERAS_Modern_Era
68
#UNITICON_PRTO_Army_ERAS_Middle_Ages
69
#UNITICON_PRTO_Army_ERAS_Industrial_Age
70
#UNITICON_PRTO_Army_ERAS_Modern_Era
71